"Signature","LUAD","COAD"
"SBS96A",217.749027237354,20.698224852071
"SBS96B",11.3229571984436,152.349112426036
"SBS96C",7.60700389105058,132.639053254438
"SBS96D",19.9416342412451,107.165680473373
"SBS96E",56.8910505836576,10.707100591716
